Product Name,Image Links
Construction And Building Range,https://rajelectricals.co.in/wp-content/uploads/2020/08/RRKABEL-WIRESCABLES.png
Single Core,https://rajelectricals.co.in/wp-content/uploads/2020/08/RRKABEL-WIRESCABLES-1.png
Control Cables,https://rajelectricals.co.in/wp-content/uploads/2020/08/RRKABEL-WIRESCABLES-2.png
Drag Chain & Servo Cables,https://rajelectricals.co.in/wp-content/uploads/2020/08/RRKABEL-WIRESCABLES-3.png
Data & Communication Cables,https://rajelectricals.co.in/wp-content/uploads/2020/08/RRKABEL-WIRESCABLES-4.png
HT Power Cables,https://rajelectricals.co.in/wp-content/uploads/2020/08/RRKABEL-WIRESCABLES-5.png
LT Power Cables,https://rajelectricals.co.in/wp-content/uploads/2020/08/RRKABEL-WIRESCABLES-6.png
Instrumentation Cables,https://rajelectricals.co.in/wp-content/uploads/2020/08/RRKABEL-WIRESCABLES-7.png
Silicon Cables,https://rajelectricals.co.in/wp-content/uploads/2020/08/RRKABEL-WIRESCABLES-8.png
Auto Cables,https://rajelectricals.co.in/wp-content/uploads/2020/08/RRKABEL-WIRESCABLES-9.png
Fire And Security Cables,https://rajelectricals.co.in/wp-content/uploads/2020/08/RRKABEL-WIRESCABLES-10.png
Application Based Cables,https://rajelectricals.co.in/wp-content/uploads/2020/08/RRKABEL-WIRESCABLES-11.png
