name,img
Cable Trays,https://rajelectricals.co.in/wp-content/uploads/2021/01/perforated-cable-trays-250x250-1-150x150.jpg
Solar Power Plant,https://rajelectricals.co.in/wp-content/uploads/2021/01/solar-panel-mounting-structure-250x250-1-150x150.jpg
Cable Raceway,https://rajelectricals.co.in/wp-content/uploads/2021/01/cable-tray-raceway-250x250-1-150x150.jpg
Ladder Cable Trays,https://rajelectricals.co.in/wp-content/uploads/2021/01/bolted-rung-type-ladder-trays-250x250-1-150x150.jpg
Cable Trunking,https://rajelectricals.co.in/wp-content/uploads/2021/01/Cable-Trunking-150x150.png
Roof Purlins,https://rajelectricals.co.in/wp-content/uploads/2021/01/c-purlins-250x250-1.jpg
Strut Channel,https://rajelectricals.co.in/wp-content/uploads/2021/01/strut-channel-250x250-1-150x150.jpg
Cable Tray Covers,https://rajelectricals.co.in/wp-content/uploads/2021/01/cable-tray-covers-250x250-1-150x150.jpg
Cable Tray Fittings,https://rajelectricals.co.in/wp-content/uploads/2021/01/cable-tray-fittings-250x250-1.png
